Team_Name,Year,Wins,Losses,Overtime_Losses,Win_Percentage,Goals_For,Goals_Against,Goal_Differential,Games_played,GF_per_Game,GA_per_Game,GD_per_Game,Team_Initials,Era
Boston Bruins,1970,44,24,0,55.0,299,264,35,68.0,4.4,3.88,0.51,BB,1990s
Buffalo Sabres,1970,31,30,0,38.8,292,278,14,61.0,4.79,4.56,0.23,BS,1990s
Calgary Flames,1970,46,26,0,57.5,344,263,81,72.0,4.78,3.65,1.12,CF,1990s
Chicago Blackhawks,1970,49,23,0,61.3,284,211,73,72.0,3.94,2.93,1.01,CB,1990s
Detroit Red Wings,1970,34,38,0,42.5,273,298,-25,72.0,3.79,4.14,-0.35,DRW,1990s
Edmonton Oilers,1970,37,37,0,46.3,272,272,0,74.0,3.68,3.68,0.0,EO,1990s
Hartford Whalers,1970,31,38,0,38.8,238,276,-38,69.0,3.45,4.0,-0.55,HW,1990s
Los Angeles Kings,1970,46,24,0,57.5,340,254,86,70.0,4.86,3.63,1.23,LAK,1990s
Minnesota North Stars,1970,27,39,0,33.8,256,266,-10,66.0,3.88,4.03,-0.15,MNS,1990s
Montreal Canadiens,1970,39,30,0,48.7,273,249,24,69.0,3.96,3.61,0.35,MC,1990s
New Jersey Devils,1970,32,33,0,40.0,272,264,8,65.0,4.18,4.06,0.12,NJD,1990s
New York Islanders,1970,25,45,0,31.2,223,290,-67,70.0,3.19,4.14,-0.96,NYI,1990s
New York Rangers,1970,36,31,0,45.0,297,265,32,67.0,4.43,3.96,0.48,NYR,1990s
Philadelphia Flyers,1970,33,37,0,41.2,252,267,-15,70.0,3.6,3.81,-0.21,PF,1990s
Pittsburgh Penguins,1970,41,33,0,51.2,342,305,37,74.0,4.62,4.12,0.5,PP,1990s
Quebec Nordiques,1970,16,50,0,20.0,236,354,-118,66.0,3.58,5.36,-1.79,QN,1990s
St. Louis Blues,1970,47,22,0,58.8,310,250,60,69.0,4.49,3.62,0.87,SLB,1990s
Toronto Maple Leafs,1970,23,46,0,28.7,241,318,-77,69.0,3.49,4.61,-1.12,TML,1990s
Vancouver Canucks,1970,28,43,0,35.0,243,315,-72,71.0,3.42,4.44,-1.01,VC,1990s
Washington Capitals,1970,37,36,0,46.3,258,258,0,73.0,3.53,3.53,0.0,WC,1990s
Winnipeg Jets,1970,26,43,0,32.5,260,288,-28,69.0,3.77,4.17,-0.41,WJ,1990s
Boston Bruins,1970,36,32,0,45.0,270,275,-5,68.0,3.97,4.04,-0.07,BB,1990s
Buffalo Sabres,1970,31,37,0,38.8,289,299,-10,68.0,4.25,4.4,-0.15,BS,1990s
Calgary Flames,1970,31,37,0,38.8,296,305,-9,68.0,4.35,4.49,-0.13,CF,1990s
Chicago Blackhawks,1970,36,29,0,45.0,257,236,21,65.0,3.95,3.63,0.32,CB,1990s
Detroit Red Wings,1970,43,25,0,53.7,320,256,64,68.0,4.71,3.76,0.94,DRW,1990s
Edmonton Oilers,1970,36,34,0,45.0,295,297,-2,70.0,4.21,4.24,-0.03,EO,1990s
Hartford Whalers,1970,26,41,0,32.5,247,283,-36,67.0,3.69,4.22,-0.54,HW,1990s
Los Angeles Kings,1970,35,31,0,43.8,287,296,-9,66.0,4.35,4.48,-0.14,LAK,1990s
Minnesota North Stars,1970,32,42,0,40.0,246,278,-32,74.0,3.32,3.76,-0.43,MNS,1990s
Montreal Canadiens,1970,41,28,0,51.2,267,207,60,69.0,3.87,3.0,0.87,MC,1990s
New Jersey Devils,1970,38,31,0,47.5,289,259,30,69.0,4.19,3.75,0.43,NJD,1990s
New York Islanders,1970,34,35,0,42.5,291,299,-8,69.0,4.22,4.33,-0.12,NYI,1990s
New York Rangers,1970,50,25,0,62.5,321,246,75,75.0,4.28,3.28,1.0,NYR,1990s
Philadelphia Flyers,1970,32,37,0,40.0,252,273,-21,69.0,3.65,3.96,-0.3,PF,1990s
Pittsburgh Penguins,1970,39,32,0,48.7,343,308,35,71.0,4.83,4.34,0.49,PP,1990s
Quebec Nordiques,1970,20,48,0,25.0,255,318,-63,68.0,3.75,4.68,-0.93,QN,1990s
San Jose Sharks,1970,17,58,0,21.2,219,359,-140,75.0,2.92,4.79,-1.87,SJS,1990s
St. Louis Blues,1970,36,33,0,45.0,279,266,13,69.0,4.04,3.86,0.19,SLB,1990s
Toronto Maple Leafs,1970,30,43,0,37.5,234,294,-60,73.0,3.21,4.03,-0.82,TML,1990s
Vancouver Canucks,1970,42,26,0,52.5,285,250,35,68.0,4.19,3.68,0.51,VC,1990s
Washington Capitals,1970,45,27,0,56.2,330,275,55,72.0,4.58,3.82,0.76,WC,1990s
Winnipeg Jets,1970,33,32,0,41.2,251,244,7,65.0,3.86,3.75,0.11,WJ,1990s
Boston Bruins,1970,51,26,0,60.7,332,268,64,77.0,4.31,3.48,0.83,BB,1990s
Buffalo Sabres,1970,38,36,0,45.2,335,297,38,74.0,4.53,4.01,0.51,BS,1990s
Calgary Flames,1970,43,30,0,51.2,322,282,40,73.0,4.41,3.86,0.55,CF,1990s
Chicago Blackhawks,1970,47,25,0,56.0,279,230,49,72.0,3.88,3.19,0.68,CB,1990s
Detroit Red Wings,1970,47,28,0,56.0,369,280,89,75.0,4.92,3.73,1.19,DRW,1990s
Edmonton Oilers,1970,26,50,0,31.0,242,337,-95,76.0,3.18,4.43,-1.25,EO,1990s
Hartford Whalers,1970,26,52,0,31.0,284,369,-85,78.0,3.64,4.73,-1.09,HW,1990s
Los Angeles Kings,1970,39,35,0,46.4,338,340,-2,74.0,4.57,4.59,-0.03,LAK,1990s
Minnesota North Stars,1970,36,38,0,42.9,272,293,-21,74.0,3.68,3.96,-0.28,MNS,1990s
Montreal Canadiens,1970,48,30,0,57.1,326,280,46,78.0,4.18,3.59,0.59,MC,1990s
New Jersey Devils,1970,40,37,0,47.6,308,299,9,77.0,4.0,3.88,0.12,NJD,1990s
New York Islanders,1970,40,37,0,47.6,335,297,38,77.0,4.35,3.86,0.49,NYI,1990s
New York Rangers,1970,34,39,0,40.5,304,308,-4,73.0,4.16,4.22,-0.05,NYR,1990s
Ottawa Senators,1970,10,70,0,11.9,202,395,-193,80.0,2.52,4.94,-2.41,OS,1990s
Philadelphia Flyers,1970,36,37,0,42.9,319,319,0,73.0,4.37,4.37,0.0,PF,1990s
Pittsburgh Penguins,1970,56,21,0,66.7,367,268,99,77.0,4.77,3.48,1.29,PP,1990s
Quebec Nordiques,1970,47,27,0,56.0,351,300,51,74.0,4.74,4.05,0.69,QN,1990s
San Jose Sharks,1970,11,71,0,13.1,218,414,-196,82.0,2.66,5.05,-2.39,SJS,1990s
St. Louis Blues,1970,37,36,0,44.0,282,278,4,73.0,3.86,3.81,0.05,SLB,1990s
Tampa Bay Lightning,1970,23,54,0,27.4,245,332,-87,77.0,3.18,4.31,-1.13,TBL,1990s
Toronto Maple Leafs,1970,44,29,0,52.4,288,241,47,73.0,3.95,3.3,0.64,TML,1990s
Vancouver Canucks,1970,46,29,0,54.8,346,278,68,75.0,4.61,3.71,0.91,VC,1990s
Washington Capitals,1970,43,34,0,51.2,325,286,39,77.0,4.22,3.71,0.51,WC,1990s
Winnipeg Jets,1970,40,37,0,47.6,322,320,2,77.0,4.18,4.16,0.03,WJ,1990s
Mighty Ducks of Anaheim,1970,33,46,0,39.3,229,251,-22,79.0,2.9,3.18,-0.28,MDOA,1990s
Boston Bruins,1970,42,29,0,50.0,289,252,37,71.0,4.07,3.55,0.52,BB,1990s
Buffalo Sabres,1970,43,32,0,51.2,282,218,64,75.0,3.76,2.91,0.85,BS,1990s
Calgary Flames,1970,42,29,0,50.0,302,256,46,71.0,4.25,3.61,0.65,CF,1990s
Chicago Blackhawks,1970,39,36,0,46.4,254,240,14,75.0,3.39,3.2,0.19,CB,1990s
Dallas Stars,1970,42,29,0,50.0,286,265,21,71.0,4.03,3.73,0.3,DS,1990s
Detroit Red Wings,1970,46,30,0,54.8,356,275,81,76.0,4.68,3.62,1.07,DRW,1990s
Edmonton Oilers,1970,25,45,0,29.8,261,305,-44,70.0,3.73,4.36,-0.63,EO,1990s
Florida Panthers,1970,33,34,0,39.3,233,233,0,67.0,3.48,3.48,0.0,FP,1990s
Hartford Whalers,1970,27,48,0,32.1,227,288,-61,75.0,3.03,3.84,-0.81,HW,1990s
Los Angeles Kings,1970,27,45,0,32.1,294,322,-28,72.0,4.08,4.47,-0.39,LAK,1990s
Montreal Canadiens,1970,41,29,0,48.8,283,248,35,70.0,4.04,3.54,0.5,MC,1990s
New Jersey Devils,1970,47,25,0,56.0,306,220,86,72.0,4.25,3.06,1.19,NJD,1990s
New York Islanders,1970,36,36,0,42.9,282,264,18,72.0,3.92,3.67,0.25,NYI,1990s
New York Rangers,1970,52,24,0,61.9,299,231,68,76.0,3.93,3.04,0.89,NYR,1990s
Ottawa Senators,1970,14,61,0,16.7,201,397,-196,75.0,2.68,5.29,-2.61,OS,1990s
Philadelphia Flyers,1970,35,39,0,41.7,294,314,-20,74.0,3.97,4.24,-0.27,PF,1990s
Pittsburgh Penguins,1970,44,27,0,52.4,299,285,14,71.0,4.21,4.01,0.2,PP,1990s
Quebec Nordiques,1970,34,42,0,40.5,277,292,-15,76.0,3.64,3.84,-0.2,QN,1990s
San Jose Sharks,1970,33,35,0,39.3,252,265,-13,68.0,3.71,3.9,-0.19,SJS,1990s
St. Louis Blues,1970,40,33,0,47.6,270,283,-13,73.0,3.7,3.88,-0.18,SLB,1990s
Tampa Bay Lightning,1970,30,43,0,35.7,224,251,-27,73.0,3.07,3.44,-0.37,TBL,1990s
Toronto Maple Leafs,1970,43,29,0,51.2,280,243,37,72.0,3.89,3.38,0.51,TML,1990s
Vancouver Canucks,1970,41,40,0,48.8,279,276,3,81.0,3.44,3.41,0.04,VC,1990s
Washington Capitals,1970,39,35,0,46.4,277,263,14,74.0,3.74,3.55,0.19,WC,1990s
Winnipeg Jets,1970,24,51,0,28.6,245,344,-99,75.0,3.27,4.59,-1.32,WJ,1990s
Mighty Ducks of Anaheim,1970,16,27,0,33.3,125,164,-39,43.0,2.91,3.81,-0.91,MDOA,1990s
Boston Bruins,1970,27,18,0,56.2,150,127,23,45.0,3.33,2.82,0.51,BB,1990s
Buffalo Sabres,1970,22,19,0,45.8,130,119,11,41.0,3.17,2.9,0.27,BS,1990s
Calgary Flames,1970,24,17,0,50.0,163,135,28,41.0,3.98,3.29,0.68,CF,1990s
Chicago Blackhawks,1970,24,19,0,50.0,156,115,41,43.0,3.63,2.67,0.95,CB,1990s
Dallas Stars,1970,17,23,0,35.4,136,135,1,40.0,3.4,3.38,0.02,DS,1990s
Detroit Red Wings,1970,33,11,0,68.8,180,117,63,44.0,4.09,2.66,1.43,DRW,1990s
Edmonton Oilers,1970,17,27,0,35.4,136,183,-47,44.0,3.09,4.16,-1.07,EO,1990s
Florida Panthers,1970,20,22,0,41.7,115,127,-12,42.0,2.74,3.02,-0.29,FP,1990s
Hartford Whalers,1970,19,24,0,39.6,127,141,-14,43.0,2.95,3.28,-0.33,HW,1990s
Los Angeles Kings,1970,16,23,0,33.3,142,174,-32,39.0,3.64,4.46,-0.82,LAK,1990s
Montreal Canadiens,1970,18,23,0,37.5,125,148,-23,41.0,3.05,3.61,-0.56,MC,1990s
New Jersey Devils,1970,22,18,0,45.8,136,121,15,40.0,3.4,3.02,0.38,NJD,1990s
New York Islanders,1970,15,28,0,31.2,126,158,-32,43.0,2.93,3.67,-0.74,NYI,1990s
New York Rangers,1970,22,23,0,45.8,139,134,5,45.0,3.09,2.98,0.11,NYR,1990s
Ottawa Senators,1970,9,34,0,18.8,117,174,-57,43.0,2.72,4.05,-1.33,OS,1990s
Philadelphia Flyers,1970,28,16,0,58.3,150,132,18,44.0,3.41,3.0,0.41,PF,1990s
Pittsburgh Penguins,1970,29,16,0,60.4,181,158,23,45.0,4.02,3.51,0.51,PP,1990s
Quebec Nordiques,1970,30,13,0,62.5,185,134,51,43.0,4.3,3.12,1.19,QN,1990s
San Jose Sharks,1970,19,25,0,39.6,129,161,-32,44.0,2.93,3.66,-0.73,SJS,1990s
St. Louis Blues,1970,28,15,0,58.3,178,135,43,43.0,4.14,3.14,1.0,SLB,1990s
Tampa Bay Lightning,1970,17,28,0,35.4,120,144,-24,45.0,2.67,3.2,-0.53,TBL,1990s
Toronto Maple Leafs,1970,21,19,0,43.8,135,146,-11,40.0,3.38,3.65,-0.28,TML,1990s
Vancouver Canucks,1970,18,18,0,37.5,153,148,5,36.0,4.25,4.11,0.14,VC,1990s
Washington Capitals,1970,22,18,0,45.8,136,120,16,40.0,3.4,3.0,0.4,WC,1990s
Winnipeg Jets,1970,16,25,0,33.3,157,177,-20,41.0,3.83,4.32,-0.49,WJ,1990s
Mighty Ducks of Anaheim,1970,35,39,0,42.7,234,247,-13,74.0,3.16,3.34,-0.18,MDOA,1990s
Boston Bruins,1970,40,31,0,48.8,282,269,13,71.0,3.97,3.79,0.18,BB,1990s
Buffalo Sabres,1970,33,42,0,40.2,247,262,-15,75.0,3.29,3.49,-0.2,BS,1990s
Calgary Flames,1970,34,37,0,41.5,241,240,1,71.0,3.39,3.38,0.01,CF,1990s
Chicago Blackhawks,1970,40,28,0,48.8,273,220,53,68.0,4.01,3.24,0.78,CB,1990s
Colorado Avalanche,1970,47,25,0,57.3,326,240,86,72.0,4.53,3.33,1.19,CA,1990s
Dallas Stars,1970,26,42,0,31.7,227,280,-53,68.0,3.34,4.12,-0.78,DS,1990s
Detroit Red Wings,1970,62,13,0,75.6,325,181,144,75.0,4.33,2.41,1.92,DRW,1990s
Edmonton Oilers,1970,30,44,0,36.6,240,304,-64,74.0,3.24,4.11,-0.86,EO,1990s
Florida Panthers,1970,41,31,0,50.0,254,234,20,72.0,3.53,3.25,0.28,FP,1990s
Hartford Whalers,1970,34,39,0,41.5,237,259,-22,73.0,3.25,3.55,-0.3,HW,1990s
Los Angeles Kings,1970,24,40,0,29.3,256,302,-46,64.0,4.0,4.72,-0.72,LAK,1990s
Montreal Canadiens,1970,40,32,0,48.8,265,248,17,72.0,3.68,3.44,0.24,MC,1990s
New Jersey Devils,1970,37,33,0,45.1,215,202,13,70.0,3.07,2.89,0.19,NJD,1990s
New York Islanders,1970,22,50,0,26.8,229,315,-86,72.0,3.18,4.38,-1.19,NYI,1990s
New York Rangers,1970,41,27,0,50.0,272,237,35,68.0,4.0,3.49,0.51,NYR,1990s
Ottawa Senators,1970,18,59,0,22.0,191,291,-100,77.0,2.48,3.78,-1.3,OS,1990s
Philadelphia Flyers,1970,45,24,0,54.9,282,208,74,69.0,4.09,3.01,1.07,PF,1990s
Pittsburgh Penguins,1970,49,29,0,59.8,362,284,78,78.0,4.64,3.64,1.0,PP,1990s
San Jose Sharks,1970,20,55,0,24.4,252,357,-105,75.0,3.36,4.76,-1.4,SJS,1990s
St. Louis Blues,1970,32,34,0,39.0,219,248,-29,66.0,3.32,3.76,-0.44,SLB,1990s
Tampa Bay Lightning,1970,38,32,0,46.3,238,248,-10,70.0,3.4,3.54,-0.14,TBL,1990s
Toronto Maple Leafs,1970,34,36,0,41.5,247,252,-5,70.0,3.53,3.6,-0.07,TML,1990s
Vancouver Canucks,1970,32,35,0,39.0,278,278,0,67.0,4.15,4.15,0.0,VC,1990s
Washington Capitals,1970,39,32,0,47.6,234,204,30,71.0,3.3,2.87,0.42,WC,1990s
Winnipeg Jets,1970,36,40,0,43.9,275,291,-16,76.0,3.62,3.83,-0.21,WJ,1990s
Mighty Ducks of Anaheim,1970,36,33,0,43.9,245,233,12,69.0,3.55,3.38,0.17,MDOA,1990s
Boston Bruins,1970,26,47,0,31.7,234,300,-66,73.0,3.21,4.11,-0.9,BB,1990s
Buffalo Sabres,1970,40,30,0,48.8,237,208,29,70.0,3.39,2.97,0.41,BS,1990s
Calgary Flames,1970,32,41,0,39.0,214,239,-25,73.0,2.93,3.27,-0.34,CF,1990s
Chicago Blackhawks,1970,34,35,0,41.5,223,210,13,69.0,3.23,3.04,0.19,CB,1990s
Colorado Avalanche,1970,49,24,0,59.8,277,205,72,73.0,3.79,2.81,0.99,CA,1990s
Dallas Stars,1970,48,26,0,58.5,252,198,54,74.0,3.41,2.68,0.73,DS,1990s
Detroit Red Wings,1970,38,26,0,46.3,253,197,56,64.0,3.95,3.08,0.88,DRW,1990s
Edmonton Oilers,1970,36,37,0,43.9,252,247,5,73.0,3.45,3.38,0.07,EO,1990s
Florida Panthers,1970,35,28,0,42.7,221,201,20,63.0,3.51,3.19,0.32,FP,1990s
Hartford Whalers,1970,32,39,0,39.0,226,256,-30,71.0,3.18,3.61,-0.42,HW,1990s
Los Angeles Kings,1970,28,43,0,34.1,214,268,-54,71.0,3.01,3.77,-0.76,LAK,1990s
Montreal Canadiens,1970,31,36,0,37.8,249,276,-27,67.0,3.72,4.12,-0.4,MC,1990s
New Jersey Devils,1970,45,23,0,54.9,231,182,49,68.0,3.4,2.68,0.72,NJD,1990s
New York Islanders,1970,29,41,0,35.4,240,250,-10,70.0,3.43,3.57,-0.14,NYI,1990s
New York Rangers,1970,38,34,0,46.3,258,231,27,72.0,3.58,3.21,0.38,NYR,1990s
Ottawa Senators,1970,31,36,0,37.8,226,234,-8,67.0,3.37,3.49,-0.12,OS,1990s
Philadelphia Flyers,1970,45,24,0,54.9,274,217,57,69.0,3.97,3.14,0.83,PF,1990s
Phoenix Coyotes,1970,38,37,0,46.3,240,243,-3,75.0,3.2,3.24,-0.04,PC,1990s
Pittsburgh Penguins,1970,38,36,0,46.3,285,280,5,74.0,3.85,3.78,0.07,PP,1990s
San Jose Sharks,1970,27,47,0,32.9,211,278,-67,74.0,2.85,3.76,-0.91,SJS,1990s
St. Louis Blues,1970,36,35,0,43.9,236,239,-3,71.0,3.32,3.37,-0.04,SLB,1990s
Tampa Bay Lightning,1970,32,40,0,39.0,217,247,-30,72.0,3.01,3.43,-0.42,TBL,1990s
Toronto Maple Leafs,1970,30,44,0,36.6,230,273,-43,74.0,3.11,3.69,-0.58,TML,1990s
Vancouver Canucks,1970,35,40,0,42.7,257,273,-16,75.0,3.43,3.64,-0.21,VC,1990s
Washington Capitals,1970,33,40,0,40.2,214,231,-17,73.0,2.93,3.16,-0.23,WC,1990s
Mighty Ducks of Anaheim,1970,26,43,0,31.7,205,261,-56,69.0,2.97,3.78,-0.81,MDOA,1990s
Boston Bruins,1970,39,30,0,47.6,221,194,27,69.0,3.2,2.81,0.39,BB,1990s
Buffalo Sabres,1970,36,29,0,43.9,211,187,24,65.0,3.25,2.88,0.37,BS,1990s
Calgary Flames,1970,26,41,0,31.7,217,252,-35,67.0,3.24,3.76,-0.52,CF,1990s
Carolina Hurricanes,1970,33,41,0,40.2,200,219,-19,74.0,2.7,2.96,-0.26,CH,1990s
Chicago Blackhawks,1970,30,39,0,36.6,192,199,-7,69.0,2.78,2.88,-0.1,CB,1990s
Colorado Avalanche,1970,39,26,0,47.6,231,205,26,65.0,3.55,3.15,0.4,CA,1990s
Dallas Stars,1970,49,22,0,59.8,242,167,75,71.0,3.41,2.35,1.06,DS,1990s
Detroit Red Wings,1970,44,23,0,53.7,250,196,54,67.0,3.73,2.93,0.81,DRW,1990s
Edmonton Oilers,1970,35,37,0,42.7,215,224,-9,72.0,2.99,3.11,-0.12,EO,1990s
Florida Panthers,1970,24,43,0,29.3,203,256,-53,67.0,3.03,3.82,-0.79,FP,1990s
Los Angeles Kings,1970,38,33,0,46.3,227,225,2,71.0,3.2,3.17,0.03,LAK,1990s
Montreal Canadiens,1970,37,32,0,45.1,235,208,27,69.0,3.41,3.01,0.39,MC,1990s
New Jersey Devils,1970,48,23,0,58.5,225,166,59,71.0,3.17,2.34,0.83,NJD,1990s
New York Islanders,1970,30,41,0,36.6,212,225,-13,71.0,2.99,3.17,-0.18,NYI,1990s
New York Rangers,1970,25,39,0,30.5,197,231,-34,64.0,3.08,3.61,-0.53,NYR,1990s
Ottawa Senators,1970,34,33,0,41.5,193,200,-7,67.0,2.88,2.99,-0.1,OS,1990s
Philadelphia Flyers,1970,42,29,0,51.2,242,193,49,71.0,3.41,2.72,0.69,PF,1990s
Phoenix Coyotes,1970,35,35,0,42.7,224,227,-3,70.0,3.2,3.24,-0.04,PC,1990s
Pittsburgh Penguins,1970,40,24,0,48.8,228,188,40,64.0,3.56,2.94,0.62,PP,1990s
San Jose Sharks,1970,34,38,0,41.5,210,216,-6,72.0,2.92,3.0,-0.08,SJS,1990s
St. Louis Blues,1970,45,29,0,54.9,256,204,52,74.0,3.46,2.76,0.7,SLB,1990s
Tampa Bay Lightning,1970,17,55,0,20.7,151,269,-118,72.0,2.1,3.74,-1.64,TBL,1990s
Toronto Maple Leafs,1970,30,43,0,36.6,194,237,-43,73.0,2.66,3.25,-0.59,TML,1990s
Vancouver Canucks,1970,25,43,0,30.5,224,273,-49,68.0,3.29,4.01,-0.72,VC,1990s
Washington Capitals,1970,40,30,0,48.8,219,202,17,70.0,3.13,2.89,0.24,WC,1990s
Mighty Ducks of Anaheim,1970,35,34,0,42.7,215,206,9,69.0,3.12,2.99,0.13,MDOA,1990s
Boston Bruins,1970,39,30,0,47.6,214,181,33,69.0,3.1,2.62,0.48,BB,1990s
Buffalo Sabres,1970,37,28,0,45.1,207,175,32,65.0,3.18,2.69,0.49,BS,1990s
Calgary Flames,1970,30,40,0,36.6,211,234,-23,70.0,3.01,3.34,-0.33,CF,1990s
Carolina Hurricanes,1970,34,30,0,41.5,210,202,8,64.0,3.28,3.16,0.12,CH,1990s
Chicago Blackhawks,1970,29,41,0,35.4,202,248,-46,70.0,2.89,3.54,-0.66,CB,1990s
Colorado Avalanche,1970,44,28,0,53.7,239,205,34,72.0,3.32,2.85,0.47,CA,1990s
Dallas Stars,1970,51,19,0,62.2,236,168,68,70.0,3.37,2.4,0.97,DS,1990s
Detroit Red Wings,1970,43,32,0,52.4,245,202,43,75.0,3.27,2.69,0.57,DRW,1990s
Edmonton Oilers,1970,33,37,0,40.2,230,226,4,70.0,3.29,3.23,0.06,EO,1990s
Florida Panthers,1970,30,34,0,36.6,210,228,-18,64.0,3.28,3.56,-0.28,FP,1990s
Los Angeles Kings,1970,32,45,0,39.0,189,222,-33,77.0,2.45,2.88,-0.43,LAK,1990s
Montreal Canadiens,1970,32,39,0,39.0,184,209,-25,71.0,2.59,2.94,-0.35,MC,1990s
Nashville Predators,1970,28,47,0,34.1,190,261,-71,75.0,2.53,3.48,-0.95,NP,1990s
New Jersey Devils,1970,47,24,0,57.3,248,196,52,71.0,3.49,2.76,0.73,NJD,1990s
New York Islanders,1970,24,48,0,29.3,194,244,-50,72.0,2.69,3.39,-0.69,NYI,1990s
New York Rangers,1970,33,38,0,40.2,217,227,-10,71.0,3.06,3.2,-0.14,NYR,1990s
Ottawa Senators,1970,44,23,0,53.7,239,179,60,67.0,3.57,2.67,0.9,OS,1990s
Philadelphia Flyers,1970,37,26,0,45.1,231,196,35,63.0,3.67,3.11,0.56,PF,1990s
Phoenix Coyotes,1970,39,31,0,47.6,205,197,8,70.0,2.93,2.81,0.11,PC,1990s
Pittsburgh Penguins,1970,38,30,0,46.3,242,225,17,68.0,3.56,3.31,0.25,PP,1990s
San Jose Sharks,1970,31,33,0,37.8,196,191,5,64.0,3.06,2.98,0.08,SJS,1990s
St. Louis Blues,1970,37,32,0,45.1,237,209,28,69.0,3.43,3.03,0.41,SLB,1990s
Tampa Bay Lightning,1970,19,54,0,23.2,179,292,-113,73.0,2.45,4.0,-1.55,TBL,1990s
Toronto Maple Leafs,1970,45,30,0,54.9,268,231,37,75.0,3.57,3.08,0.49,TML,1990s
Vancouver Canucks,1970,23,47,0,28.0,192,258,-66,70.0,2.74,3.69,-0.94,VC,1990s
Washington Capitals,1970,31,45,0,37.8,200,218,-18,76.0,2.63,2.87,-0.24,WC,1990s
Mighty Ducks of Anaheim,1970,34,33,3,41.5,217,227,-10,70.0,3.1,3.24,-0.14,MDOA,1990s
Atlanta Thrashers,1970,14,57,4,17.1,170,313,-143,75.0,2.27,4.17,-1.91,AT,1990s
Boston Bruins,1970,24,33,6,29.3,210,248,-38,63.0,3.33,3.94,-0.6,BB,1990s
Buffalo Sabres,1970,35,32,4,42.7,213,204,9,71.0,3.0,2.87,0.13,BS,1990s
Calgary Flames,1970,31,36,5,37.8,211,256,-45,72.0,2.93,3.56,-0.62,CF,1990s
Carolina Hurricanes,1970,37,35,0,45.1,217,216,1,72.0,3.01,3.0,0.01,CH,1990s
Chicago Blackhawks,1970,33,37,2,40.2,242,245,-3,72.0,3.36,3.4,-0.04,CB,1990s
Colorado Avalanche,1970,42,28,1,51.2,233,201,32,71.0,3.28,2.83,0.45,CA,1990s
Dallas Stars,1970,43,23,6,52.4,211,184,27,72.0,2.93,2.56,0.38,DS,1990s
Detroit Red Wings,1970,48,22,2,58.5,278,210,68,72.0,3.86,2.92,0.94,DRW,1990s
Edmonton Oilers,1970,32,26,8,39.0,226,212,14,66.0,3.42,3.21,0.21,EO,1990s
Florida Panthers,1970,43,27,6,52.4,244,209,35,76.0,3.21,2.75,0.46,FP,1990s
Los Angeles Kings,1970,39,27,4,47.6,245,228,17,70.0,3.5,3.26,0.24,LAK,1990s
Montreal Canadiens,1970,35,34,4,42.7,196,194,2,73.0,2.68,2.66,0.03,MC,1990s
Nashville Predators,1970,28,40,7,34.1,199,240,-41,75.0,2.65,3.2,-0.55,NP,1990s
New Jersey Devils,1970,45,24,5,54.9,251,203,48,74.0,3.39,2.74,0.65,NJD,1990s
New York Islanders,1970,24,48,1,29.3,194,275,-81,73.0,2.66,3.77,-1.11,NYI,1990s
New York Rangers,1970,29,38,3,35.4,218,246,-28,70.0,3.11,3.51,-0.4,NYR,1990s
Ottawa Senators,1970,41,28,2,50.0,244,210,34,71.0,3.44,2.96,0.48,OS,1990s
Philadelphia Flyers,1970,45,22,3,54.9,237,179,58,70.0,3.39,2.56,0.83,PF,1990s
Phoenix Coyotes,1970,39,31,4,47.6,232,228,4,74.0,3.14,3.08,0.05,PC,1990s
Pittsburgh Penguins,1970,37,31,6,45.1,241,236,5,74.0,3.26,3.19,0.07,PP,1990s
San Jose Sharks,1970,35,30,7,42.7,225,214,11,72.0,3.12,2.97,0.15,SJS,1990s
St. Louis Blues,1970,51,19,1,62.2,248,165,83,71.0,3.49,2.32,1.17,SLB,1990s
Tampa Bay Lightning,1970,19,47,7,23.2,204,310,-106,73.0,2.79,4.25,-1.45,TBL,1990s
Toronto Maple Leafs,1970,45,27,3,54.9,246,222,24,75.0,3.28,2.96,0.32,TML,1990s
Vancouver Canucks,1970,30,29,8,36.6,227,237,-10,67.0,3.39,3.54,-0.15,VC,1990s
Washington Capitals,1970,44,24,2,53.7,227,194,33,70.0,3.24,2.77,0.47,WC,1990s
Mighty Ducks of Anaheim,1970,25,41,5,30.5,188,245,-57,71.0,2.65,3.45,-0.8,MDOA,1990s
Atlanta Thrashers,1970,23,45,2,28.0,211,289,-78,70.0,3.01,4.13,-1.11,AT,1990s
Boston Bruins,1970,36,30,8,43.9,227,249,-22,74.0,3.07,3.36,-0.3,BB,1990s
Buffalo Sabres,1970,46,30,1,56.1,218,184,34,77.0,2.83,2.39,0.44,BS,1990s
Calgary Flames,1970,27,36,4,32.9,197,236,-39,67.0,2.94,3.52,-0.58,CF,1990s
Carolina Hurricanes,1970,38,32,3,46.3,212,225,-13,73.0,2.9,3.08,-0.18,CH,1990s
Columbus Blue Jackets,1970,28,39,6,34.1,190,233,-43,73.0,2.6,3.19,-0.59,CBJ,1990s
Chicago Blackhawks,1970,29,40,5,35.4,210,246,-36,74.0,2.84,3.32,-0.49,CB,1990s
Colorado Avalanche,1970,52,16,4,63.4,270,192,78,72.0,3.75,2.67,1.08,CA,1990s
Dallas Stars,1970,48,24,2,58.5,241,187,54,74.0,3.26,2.53,0.73,DS,1990s
Detroit Red Wings,1970,49,20,4,59.8,253,202,51,73.0,3.47,2.77,0.7,DRW,1990s
Edmonton Oilers,1970,39,28,3,47.6,243,222,21,70.0,3.47,3.17,0.3,EO,1990s
Florida Panthers,1970,22,38,9,26.8,200,246,-46,69.0,2.9,3.57,-0.67,FP,1990s
Los Angeles Kings,1970,38,28,3,46.3,252,228,24,69.0,3.65,3.3,0.35,LAK,1990s
Minnesota Wild,1970,25,39,5,30.5,168,210,-42,69.0,2.43,3.04,-0.61,MW,1990s
Montreal Canadiens,1970,28,40,6,34.1,206,232,-26,74.0,2.78,3.14,-0.35,MC,1990s
Nashville Predators,1970,34,36,3,41.5,186,200,-14,73.0,2.55,2.74,-0.19,NP,1990s
New Jersey Devils,1970,48,19,3,58.5,295,195,100,70.0,4.21,2.79,1.43,NJD,1990s
New York Islanders,1970,21,51,3,25.6,185,268,-83,75.0,2.47,3.57,-1.11,NYI,1990s
New York Rangers,1970,33,43,1,40.2,250,290,-40,77.0,3.25,3.77,-0.52,NYR,1990s
Ottawa Senators,1970,48,21,4,58.5,274,205,69,73.0,3.75,2.81,0.95,OS,1990s
Philadelphia Flyers,1970,43,25,3,52.4,240,207,33,71.0,3.38,2.92,0.46,PF,1990s
Phoenix Coyotes,1970,35,27,3,42.7,214,212,2,65.0,3.29,3.26,0.03,PC,1990s
Pittsburgh Penguins,1970,42,28,3,51.2,281,256,25,73.0,3.85,3.51,0.34,PP,1990s
San Jose Sharks,1970,40,27,3,48.8,217,192,25,70.0,3.1,2.74,0.36,SJS,1990s
St. Louis Blues,1970,43,22,5,52.4,249,195,54,70.0,3.56,2.79,0.77,SLB,1990s
Tampa Bay Lightning,1970,24,47,5,29.3,201,280,-79,76.0,2.64,3.68,-1.04,TBL,1990s
Toronto Maple Leafs,1970,37,29,5,45.1,232,207,25,71.0,3.27,2.92,0.35,TML,1990s
Vancouver Canucks,1970,36,28,7,43.9,239,238,1,71.0,3.37,3.35,0.01,VC,1990s
Washington Capitals,1970,41,27,4,50.0,233,211,22,72.0,3.24,2.93,0.31,WC,1990s
Mighty Ducks of Anaheim,1970,29,42,3,35.4,175,198,-23,74.0,2.36,2.68,-0.31,MDOA,1990s
Atlanta Thrashers,1970,19,47,5,23.2,187,288,-101,71.0,2.63,4.06,-1.42,AT,1990s
Boston Bruins,1970,43,24,9,52.4,236,201,35,76.0,3.11,2.64,0.46,BB,1990s
Buffalo Sabres,1970,35,35,1,42.7,213,200,13,71.0,3.0,2.82,0.18,BS,1990s
Calgary Flames,1970,32,35,3,39.0,201,220,-19,70.0,2.87,3.14,-0.27,CF,1990s
Carolina Hurricanes,1970,35,26,5,42.7,217,217,0,66.0,3.29,3.29,0.0,CH,1990s
Columbus Blue Jackets,1970,22,47,5,26.8,164,255,-91,74.0,2.22,3.45,-1.23,CBJ,1990s
Chicago Blackhawks,1970,41,27,1,50.0,216,207,9,69.0,3.13,3.0,0.13,CB,1990s
Colorado Avalanche,1970,45,28,1,54.9,212,169,43,74.0,2.86,2.28,0.58,CA,1990s
Dallas Stars,1970,36,28,5,43.9,215,213,2,69.0,3.12,3.09,0.03,DS,1990s
Detroit Red Wings,1970,51,17,4,62.2,251,187,64,72.0,3.49,2.6,0.89,DRW,1990s
Edmonton Oilers,1970,38,28,4,46.3,205,182,23,70.0,2.93,2.6,0.33,EO,1990s
Florida Panthers,1970,22,44,6,26.8,180,250,-70,72.0,2.5,3.47,-0.97,FP,1990s
Los Angeles Kings,1970,40,27,4,48.8,214,190,24,71.0,3.01,2.68,0.34,LAK,1990s
Minnesota Wild,1970,26,35,9,31.7,195,238,-43,70.0,2.79,3.4,-0.61,MW,1990s
Montreal Canadiens,1970,36,31,3,43.9,207,209,-2,70.0,2.96,2.99,-0.03,MC,1990s
Nashville Predators,1970,28,41,0,34.1,196,230,-34,69.0,2.84,3.33,-0.49,NP,1990s
New Jersey Devils,1970,41,28,4,50.0,205,187,18,73.0,2.81,2.56,0.25,NJD,1990s
New York Islanders,1970,42,28,4,51.2,239,220,19,74.0,3.23,2.97,0.26,NYI,1990s
New York Rangers,1970,36,38,4,43.9,227,258,-31,78.0,2.91,3.31,-0.4,NYR,1990s
Ottawa Senators,1970,39,27,7,47.6,243,208,35,73.0,3.33,2.85,0.48,OS,1990s
Philadelphia Flyers,1970,42,27,3,51.2,234,192,42,72.0,3.25,2.67,0.58,PF,1990s
Phoenix Coyotes,1970,40,27,6,48.8,228,210,18,73.0,3.12,2.88,0.25,PC,1990s
Pittsburgh Penguins,1970,28,41,5,34.1,198,249,-51,74.0,2.68,3.36,-0.69,PP,1990s
San Jose Sharks,1970,44,27,3,53.7,248,199,49,74.0,3.35,2.69,0.66,SJS,1990s
St. Louis Blues,1970,43,27,4,52.4,227,188,39,74.0,3.07,2.54,0.53,SLB,1990s
Tampa Bay Lightning,1970,27,40,4,32.9,178,219,-41,71.0,2.51,3.08,-0.58,TBL,1990s
Toronto Maple Leafs,1970,43,25,4,52.4,249,207,42,72.0,3.46,2.88,0.58,TML,1990s
Vancouver Canucks,1970,42,30,3,51.2,254,211,43,75.0,3.39,2.81,0.57,VC,1990s
Washington Capitals,1970,36,33,2,43.9,228,240,-12,71.0,3.21,3.38,-0.17,WC,1990s
Mighty Ducks of Anaheim,1970,40,27,6,48.8,203,193,10,73.0,2.78,2.64,0.14,MDOA,1990s
Atlanta Thrashers,1970,31,39,5,37.8,226,284,-58,75.0,3.01,3.79,-0.77,AT,1990s
Boston Bruins,1970,36,31,4,43.9,245,237,8,71.0,3.45,3.34,0.11,BB,1990s
Buffalo Sabres,1970,27,37,8,32.9,190,219,-29,72.0,2.64,3.04,-0.4,BS,1990s
Calgary Flames,1970,29,36,4,35.4,186,228,-42,69.0,2.7,3.3,-0.61,CF,1990s
Carolina Hurricanes,1970,22,43,6,26.8,171,240,-69,71.0,2.41,3.38,-0.97,CH,1990s
Columbus Blue Jackets,1970,29,42,3,35.4,213,263,-50,74.0,2.88,3.55,-0.68,CBJ,1990s
Chicago Blackhawks,1970,30,33,6,36.6,207,226,-19,69.0,3.0,3.28,-0.28,CB,1990s
Colorado Avalanche,1970,42,19,8,51.2,251,194,57,69.0,3.64,2.81,0.83,CA,1990s
Dallas Stars,1970,46,17,4,56.1,245,169,76,67.0,3.66,2.52,1.13,DS,1990s
Detroit Red Wings,1970,48,20,4,58.5,269,203,66,72.0,3.74,2.82,0.92,DRW,1990s
Edmonton Oilers,1970,36,26,9,43.9,231,230,1,71.0,3.25,3.24,0.01,EO,1990s
Florida Panthers,1970,24,36,9,29.3,176,237,-61,69.0,2.55,3.43,-0.88,FP,1990s
Los Angeles Kings,1970,33,37,6,40.2,203,221,-18,76.0,2.67,2.91,-0.24,LAK,1990s
Minnesota Wild,1970,42,29,1,51.2,198,178,20,72.0,2.75,2.47,0.28,MW,1990s
Montreal Canadiens,1970,30,35,9,36.6,206,234,-28,74.0,2.78,3.16,-0.38,MC,1990s
Nashville Predators,1970,27,35,7,32.9,183,206,-23,69.0,2.65,2.99,-0.33,NP,1990s
New Jersey Devils,1970,46,20,6,56.1,216,166,50,72.0,3.0,2.31,0.69,NJD,1990s
New York Islanders,1970,35,34,2,42.7,224,231,-7,71.0,3.15,3.25,-0.1,NYI,1990s
New York Rangers,1970,32,36,4,39.0,210,231,-21,72.0,2.92,3.21,-0.29,NYR,1990s
Ottawa Senators,1970,52,21,1,63.4,263,182,81,74.0,3.55,2.46,1.09,OS,1990s
Philadelphia Flyers,1970,45,20,4,54.9,211,166,45,69.0,3.06,2.41,0.65,PF,1990s
Phoenix Coyotes,1970,31,35,5,37.8,204,230,-26,71.0,2.87,3.24,-0.37,PC,1990s
Pittsburgh Penguins,1970,27,44,5,32.9,189,255,-66,76.0,2.49,3.36,-0.87,PP,1990s
San Jose Sharks,1970,28,37,8,34.1,214,239,-25,73.0,2.93,3.27,-0.34,SJS,1990s
St. Louis Blues,1970,41,24,6,50.0,253,222,31,71.0,3.56,3.13,0.44,SLB,1990s
Tampa Bay Lightning,1970,36,25,5,43.9,219,210,9,66.0,3.32,3.18,0.14,TBL,1990s
Toronto Maple Leafs,1970,44,28,3,53.7,236,208,28,75.0,3.15,2.77,0.37,TML,1990s
Vancouver Canucks,1970,45,23,1,54.9,264,208,56,69.0,3.83,3.01,0.81,VC,1990s
Washington Capitals,1970,39,29,6,47.6,224,220,4,74.0,3.03,2.97,0.05,WC,1990s
Mighty Ducks of Anaheim,1970,29,35,8,35.4,184,213,-29,72.0,2.56,2.96,-0.4,MDOA,1990s
Atlanta Thrashers,1970,33,37,4,40.2,214,243,-29,74.0,2.89,3.28,-0.39,AT,1990s
Boston Bruins,1970,41,19,7,50.0,209,188,21,67.0,3.12,2.81,0.31,BB,1990s
Buffalo Sabres,1970,37,34,4,45.1,220,221,-1,75.0,2.93,2.95,-0.01,BS,1990s
Calgary Flames,1970,42,30,3,51.2,200,176,24,75.0,2.67,2.35,0.32,CF,1990s
Carolina Hurricanes,1970,28,34,6,34.1,172,209,-37,68.0,2.53,3.07,-0.54,CH,1990s
Columbus Blue Jackets,1970,25,45,4,30.5,177,238,-61,74.0,2.39,3.22,-0.82,CBJ,1990s
Chicago Blackhawks,1970,20,43,8,24.4,188,259,-71,71.0,2.65,3.65,-1.0,CB,1990s
Colorado Avalanche,1970,40,22,7,48.8,236,198,38,69.0,3.42,2.87,0.55,CA,1990s
Dallas Stars,1970,41,26,2,50.0,194,175,19,69.0,2.81,2.54,0.28,DS,1990s
Detroit Red Wings,1970,48,21,2,58.5,255,189,66,71.0,3.59,2.66,0.93,DRW,1990s
Edmonton Oilers,1970,36,29,5,43.9,221,208,13,70.0,3.16,2.97,0.19,EO,1990s
Florida Panthers,1970,28,35,4,34.1,188,221,-33,67.0,2.81,3.3,-0.49,FP,1990s
Los Angeles Kings,1970,28,29,9,34.1,205,217,-12,66.0,3.11,3.29,-0.18,LAK,1990s
Minnesota Wild,1970,30,29,3,36.6,188,183,5,62.0,3.03,2.95,0.08,MW,1990s
Montreal Canadiens,1970,41,30,4,50.0,208,192,16,75.0,2.77,2.56,0.21,MC,1990s
Nashville Predators,1970,38,29,4,46.3,216,217,-1,71.0,3.04,3.06,-0.01,NP,1990s
New Jersey Devils,1970,43,25,2,52.4,213,164,49,70.0,3.04,2.34,0.7,NJD,1990s
New York Islanders,1970,38,29,4,46.3,237,210,27,71.0,3.34,2.96,0.38,NYI,1990s
New York Rangers,1970,27,40,8,32.9,206,250,-44,75.0,2.75,3.33,-0.59,NYR,1990s
Ottawa Senators,1970,43,23,6,52.4,262,189,73,72.0,3.64,2.62,1.01,OS,1990s
Philadelphia Flyers,1970,40,21,6,48.8,229,186,43,67.0,3.42,2.78,0.64,PF,1990s
Phoenix Coyotes,1970,22,36,6,26.8,188,245,-57,64.0,2.94,3.83,-0.89,PC,1990s
Pittsburgh Penguins,1970,23,47,4,28.0,190,303,-113,74.0,2.57,4.09,-1.53,PP,1990s
San Jose Sharks,1970,43,21,6,52.4,219,183,36,70.0,3.13,2.61,0.51,SJS,1990s
St. Louis Blues,1970,39,30,2,47.6,191,198,-7,71.0,2.69,2.79,-0.1,SLB,1990s
Tampa Bay Lightning,1970,46,22,6,56.1,245,192,53,74.0,3.31,2.59,0.72,TBL,1990s
Toronto Maple Leafs,1970,45,24,3,54.9,242,204,38,72.0,3.36,2.83,0.53,TML,1990s
Vancouver Canucks,1970,43,24,5,52.4,235,194,41,72.0,3.26,2.69,0.57,VC,1990s
Washington Capitals,1970,23,46,3,28.0,186,253,-67,72.0,2.58,3.51,-0.93,WC,1990s
Mighty Ducks of Anaheim,1970,43,27,12,52.4,254,229,25,82.0,3.1,2.79,0.3,MDOA,1990s
Atlanta Thrashers,1970,41,33,8,50.0,281,275,6,82.0,3.43,3.35,0.07,AT,1990s
Boston Bruins,1970,29,37,16,35.4,230,266,-36,82.0,2.8,3.24,-0.44,BB,1990s
Buffalo Sabres,1970,52,24,6,63.4,281,239,42,82.0,3.43,2.91,0.51,BS,1990s
Calgary Flames,1970,46,25,11,56.1,218,200,18,82.0,2.66,2.44,0.22,CF,1990s
Carolina Hurricanes,1970,52,22,8,63.4,294,260,34,82.0,3.59,3.17,0.41,CH,1990s
Columbus Blue Jackets,1970,35,43,4,42.7,223,279,-56,82.0,2.72,3.4,-0.68,CBJ,1990s
Chicago Blackhawks,1970,26,43,13,31.7,211,285,-74,82.0,2.57,3.48,-0.9,CB,1990s
Colorado Avalanche,1970,43,30,9,52.4,283,257,26,82.0,3.45,3.13,0.32,CA,1990s
Dallas Stars,1970,53,23,6,64.6,265,218,47,82.0,3.23,2.66,0.57,DS,1990s
Detroit Red Wings,1970,58,16,8,70.7,305,209,96,82.0,3.72,2.55,1.17,DRW,1990s
Edmonton Oilers,1970,41,28,13,50.0,256,251,5,82.0,3.12,3.06,0.06,EO,1990s
Florida Panthers,1970,37,34,11,45.1,240,257,-17,82.0,2.93,3.13,-0.21,FP,1990s
Los Angeles Kings,1970,42,35,5,51.2,249,270,-21,82.0,3.04,3.29,-0.26,LAK,1990s
Minnesota Wild,1970,38,36,8,46.3,231,215,16,82.0,2.82,2.62,0.2,MW,1990s
Montreal Canadiens,1970,42,31,9,51.2,243,247,-4,82.0,2.96,3.01,-0.05,MC,1990s
Nashville Predators,1970,49,25,8,59.8,259,227,32,82.0,3.16,2.77,0.39,NP,1990s
New Jersey Devils,1970,46,27,9,56.1,242,229,13,82.0,2.95,2.79,0.16,NJD,1990s
New York Islanders,1970,36,40,6,43.9,230,278,-48,82.0,2.8,3.39,-0.59,NYI,1990s
New York Rangers,1970,44,26,12,53.7,257,215,42,82.0,3.13,2.62,0.51,NYR,1990s
Ottawa Senators,1970,52,21,9,63.4,314,211,103,82.0,3.83,2.57,1.26,OS,1990s
Philadelphia Flyers,1970,45,26,11,54.9,267,259,8,82.0,3.26,3.16,0.1,PF,1990s
Phoenix Coyotes,1970,38,39,5,46.3,246,271,-25,82.0,3.0,3.3,-0.3,PC,1990s
Pittsburgh Penguins,1970,22,46,14,26.8,244,316,-72,82.0,2.98,3.85,-0.88,PP,1990s
San Jose Sharks,1970,44,27,11,53.7,266,242,24,82.0,3.24,2.95,0.29,SJS,1990s
St. Louis Blues,1970,21,46,15,25.6,197,292,-95,82.0,2.4,3.56,-1.16,SLB,1990s
Tampa Bay Lightning,1970,43,33,6,52.4,252,260,-8,82.0,3.07,3.17,-0.1,TBL,1990s
Toronto Maple Leafs,1970,41,33,8,50.0,257,270,-13,82.0,3.13,3.29,-0.16,TML,1990s
Vancouver Canucks,1970,42,32,8,51.2,256,255,1,82.0,3.12,3.11,0.01,VC,1990s
Washington Capitals,1970,29,41,12,35.4,237,306,-69,82.0,2.89,3.73,-0.84,WC,1990s
Anaheim Ducks,1970,48,20,14,58.5,258,208,50,82.0,3.15,2.54,0.61,AD,1990s
Atlanta Thrashers,1970,43,28,11,52.4,246,245,1,82.0,3.0,2.99,0.01,AT,1990s
Boston Bruins,1970,35,41,6,42.7,219,289,-70,82.0,2.67,3.52,-0.85,BB,1990s
Buffalo Sabres,1970,53,22,7,64.6,308,242,66,82.0,3.76,2.95,0.8,BS,1990s
Calgary Flames,1970,43,29,10,52.4,258,226,32,82.0,3.15,2.76,0.39,CF,1990s
Carolina Hurricanes,1970,40,34,8,48.8,241,253,-12,82.0,2.94,3.09,-0.15,CH,1990s
Columbus Blue Jackets,1970,33,42,7,40.2,201,249,-48,82.0,2.45,3.04,-0.59,CBJ,1990s
Chicago Blackhawks,1970,31,42,9,37.8,201,258,-57,82.0,2.45,3.15,-0.7,CB,1990s
Colorado Avalanche,1970,44,31,7,53.7,272,251,21,82.0,3.32,3.06,0.26,CA,1990s
Dallas Stars,1970,50,25,7,61.0,226,197,29,82.0,2.76,2.4,0.35,DS,1990s
Detroit Red Wings,1970,50,19,13,61.0,254,199,55,82.0,3.1,2.43,0.67,DRW,1990s
Edmonton Oilers,1970,32,43,7,39.0,195,248,-53,82.0,2.38,3.02,-0.65,EO,1990s
Florida Panthers,1970,35,31,16,42.7,247,257,-10,82.0,3.01,3.13,-0.12,FP,1990s
Los Angeles Kings,1970,27,41,14,32.9,227,283,-56,82.0,2.77,3.45,-0.68,LAK,1990s
Minnesota Wild,1970,48,26,8,58.5,235,191,44,82.0,2.87,2.33,0.54,MW,1990s
Montreal Canadiens,1970,42,34,6,51.2,245,256,-11,82.0,2.99,3.12,-0.13,MC,1990s
Nashville Predators,1970,51,23,8,62.2,272,212,60,82.0,3.32,2.59,0.73,NP,1990s
New Jersey Devils,1970,49,24,9,59.8,216,201,15,82.0,2.63,2.45,0.18,NJD,1990s
New York Islanders,1970,40,30,12,48.8,248,240,8,82.0,3.02,2.93,0.1,NYI,1990s
New York Rangers,1970,42,30,10,51.2,242,216,26,82.0,2.95,2.63,0.32,NYR,1990s
Ottawa Senators,1970,48,25,9,58.5,288,222,66,82.0,3.51,2.71,0.8,OS,1990s
Philadelphia Flyers,1970,22,48,12,26.8,214,303,-89,82.0,2.61,3.7,-1.09,PF,1990s
Phoenix Coyotes,1970,31,46,5,37.8,216,284,-68,82.0,2.63,3.46,-0.83,PC,1990s
Pittsburgh Penguins,1970,47,24,11,57.3,277,246,31,82.0,3.38,3.0,0.38,PP,1990s
San Jose Sharks,1970,51,26,5,62.2,258,199,59,82.0,3.15,2.43,0.72,SJS,1990s
St. Louis Blues,1970,34,35,13,41.5,214,254,-40,82.0,2.61,3.1,-0.49,SLB,1990s
Tampa Bay Lightning,1970,44,33,5,53.7,253,261,-8,82.0,3.09,3.18,-0.1,TBL,1990s
Toronto Maple Leafs,1970,40,31,11,48.8,258,269,-11,82.0,3.15,3.28,-0.13,TML,1990s
Vancouver Canucks,1970,49,26,7,59.8,222,201,21,82.0,2.71,2.45,0.26,VC,1990s
Washington Capitals,1970,28,40,14,34.1,235,286,-51,82.0,2.87,3.49,-0.62,WC,1990s
Anaheim Ducks,1970,47,27,8,57.3,205,191,14,82.0,2.5,2.33,0.17,AD,1990s
Atlanta Thrashers,1970,34,40,8,41.5,216,272,-56,82.0,2.63,3.32,-0.68,AT,1990s
Boston Bruins,1970,41,29,12,50.0,212,222,-10,82.0,2.59,2.71,-0.12,BB,1990s
Buffalo Sabres,1970,39,31,12,47.6,255,242,13,82.0,3.11,2.95,0.16,BS,1990s
Calgary Flames,1970,42,30,10,51.2,229,227,2,82.0,2.79,2.77,0.02,CF,1990s
Carolina Hurricanes,1970,43,33,6,52.4,252,249,3,82.0,3.07,3.04,0.04,CH,1990s
Columbus Blue Jackets,1970,34,36,12,41.5,193,218,-25,82.0,2.35,2.66,-0.3,CBJ,1990s
Chicago Blackhawks,1970,40,34,8,48.8,239,235,4,82.0,2.91,2.87,0.05,CB,1990s
Colorado Avalanche,1970,44,31,7,53.7,231,219,12,82.0,2.82,2.67,0.15,CA,1990s
Dallas Stars,1970,45,30,7,54.9,242,207,35,82.0,2.95,2.52,0.43,DS,1990s
Detroit Red Wings,1970,54,21,7,65.9,257,184,73,82.0,3.13,2.24,0.89,DRW,1990s
Edmonton Oilers,1970,41,35,6,50.0,235,251,-16,82.0,2.87,3.06,-0.2,EO,1990s
Florida Panthers,1970,38,35,9,46.3,216,226,-10,82.0,2.63,2.76,-0.12,FP,1990s
Los Angeles Kings,1970,32,43,7,39.0,231,266,-35,82.0,2.82,3.24,-0.43,LAK,1990s
Minnesota Wild,1970,44,28,10,53.7,223,218,5,82.0,2.72,2.66,0.06,MW,1990s
Montreal Canadiens,1970,47,25,10,57.3,262,222,40,82.0,3.2,2.71,0.49,MC,1990s
Nashville Predators,1970,41,32,9,50.0,230,229,1,82.0,2.8,2.79,0.01,NP,1990s
New Jersey Devils,1970,46,29,7,56.1,206,197,9,82.0,2.51,2.4,0.11,NJD,1990s
New York Islanders,1970,35,38,9,42.7,194,243,-49,82.0,2.37,2.96,-0.6,NYI,1990s
New York Rangers,1970,42,27,13,51.2,213,199,14,82.0,2.6,2.43,0.17,NYR,1990s
Ottawa Senators,1970,43,31,8,52.4,261,247,14,82.0,3.18,3.01,0.17,OS,1990s
Philadelphia Flyers,1970,42,29,11,51.2,248,233,15,82.0,3.02,2.84,0.18,PF,1990s
Phoenix Coyotes,1970,38,37,7,46.3,214,231,-17,82.0,2.61,2.82,-0.21,PC,1990s
Pittsburgh Penguins,1970,47,27,8,57.3,247,216,31,82.0,3.01,2.63,0.38,PP,1990s
San Jose Sharks,1970,49,23,10,59.8,222,193,29,82.0,2.71,2.35,0.35,SJS,1990s
St. Louis Blues,1970,33,36,13,40.2,205,237,-32,82.0,2.5,2.89,-0.39,SLB,1990s
Tampa Bay Lightning,1970,31,42,9,37.8,223,267,-44,82.0,2.72,3.26,-0.54,TBL,1990s
Toronto Maple Leafs,1970,36,35,11,43.9,231,260,-29,82.0,2.82,3.17,-0.35,TML,1990s
Vancouver Canucks,1970,39,33,10,47.6,213,215,-2,82.0,2.6,2.62,-0.02,VC,1990s
Washington Capitals,1970,43,31,8,52.4,242,231,11,82.0,2.95,2.82,0.13,WC,1990s
Anaheim Ducks,1970,42,33,7,51.2,245,238,7,82.0,2.99,2.9,0.09,AD,1990s
Atlanta Thrashers,1970,35,41,6,42.7,257,280,-23,82.0,3.13,3.41,-0.28,AT,1990s
Boston Bruins,1970,53,19,10,64.6,274,196,78,82.0,3.34,2.39,0.95,BB,1990s
Buffalo Sabres,1970,41,32,9,50.0,250,234,16,82.0,3.05,2.85,0.2,BS,1990s
Calgary Flames,1970,46,30,6,56.1,254,248,6,82.0,3.1,3.02,0.07,CF,1990s
Carolina Hurricanes,1970,45,30,7,54.9,239,226,13,82.0,2.91,2.76,0.16,CH,1990s
Columbus Blue Jackets,1970,41,31,10,50.0,226,230,-4,82.0,2.76,2.8,-0.05,CBJ,1990s
Chicago Blackhawks,1970,46,24,12,56.1,264,216,48,82.0,3.22,2.63,0.59,CB,1990s
Colorado Avalanche,1970,32,45,5,39.0,199,257,-58,82.0,2.43,3.13,-0.71,CA,1990s
Dallas Stars,1970,36,35,11,43.9,230,257,-27,82.0,2.8,3.13,-0.33,DS,1990s
Detroit Red Wings,1970,51,21,10,62.2,295,244,51,82.0,3.6,2.98,0.62,DRW,1990s
Edmonton Oilers,1970,38,35,9,46.3,234,248,-14,82.0,2.85,3.02,-0.17,EO,1990s
Florida Panthers,1970,41,30,11,50.0,234,231,3,82.0,2.85,2.82,0.04,FP,1990s
Los Angeles Kings,1970,34,37,11,41.5,207,234,-27,82.0,2.52,2.85,-0.33,LAK,1990s
Minnesota Wild,1970,40,33,9,48.8,219,200,19,82.0,2.67,2.44,0.23,MW,1990s
Montreal Canadiens,1970,41,30,11,50.0,249,247,2,82.0,3.04,3.01,0.02,MC,1990s
Nashville Predators,1970,40,34,8,48.8,213,233,-20,82.0,2.6,2.84,-0.24,NP,1990s
New Jersey Devils,1970,51,27,4,62.2,244,209,35,82.0,2.98,2.55,0.43,NJD,1990s
New York Islanders,1970,26,47,9,31.7,201,279,-78,82.0,2.45,3.4,-0.95,NYI,1990s
New York Rangers,1970,43,30,9,52.4,210,218,-8,82.0,2.56,2.66,-0.1,NYR,1990s
Ottawa Senators,1970,36,35,11,43.9,217,237,-20,82.0,2.65,2.89,-0.24,OS,1990s
Philadelphia Flyers,1970,44,27,11,53.7,264,238,26,82.0,3.22,2.9,0.32,PF,1990s
Phoenix Coyotes,1970,36,39,7,43.9,208,252,-44,82.0,2.54,3.07,-0.54,PC,1990s
Pittsburgh Penguins,1970,45,28,9,54.9,264,239,25,82.0,3.22,2.91,0.3,PP,1990s
San Jose Sharks,1970,53,18,11,64.6,257,204,53,82.0,3.13,2.49,0.65,SJS,1990s
St. Louis Blues,1970,41,31,10,50.0,233,233,0,82.0,2.84,2.84,0.0,SLB,1990s
Tampa Bay Lightning,1970,24,40,18,29.3,210,279,-69,82.0,2.56,3.4,-0.84,TBL,1990s
Toronto Maple Leafs,1970,34,35,13,41.5,250,293,-43,82.0,3.05,3.57,-0.52,TML,1990s
Vancouver Canucks,1970,45,27,10,54.9,246,220,26,82.0,3.0,2.68,0.32,VC,1990s
Washington Capitals,1970,50,24,8,61.0,272,245,27,82.0,3.32,2.99,0.33,WC,1990s
Anaheim Ducks,1970,39,32,11,47.6,238,251,-13,82.0,2.9,3.06,-0.16,AD,1990s
Atlanta Thrashers,1970,35,34,13,42.7,234,256,-22,82.0,2.85,3.12,-0.27,AT,1990s
Boston Bruins,1970,39,30,13,47.6,206,200,6,82.0,2.51,2.44,0.07,BB,1990s
Buffalo Sabres,1970,45,27,10,54.9,235,207,28,82.0,2.87,2.52,0.34,BS,1990s
Calgary Flames,1970,40,32,10,48.8,204,210,-6,82.0,2.49,2.56,-0.07,CF,1990s
Carolina Hurricanes,1970,35,37,10,42.7,230,256,-26,82.0,2.8,3.12,-0.32,CH,1990s
Columbus Blue Jackets,1970,32,35,15,39.0,216,259,-43,82.0,2.63,3.16,-0.52,CBJ,1990s
Chicago Blackhawks,1970,52,22,8,63.4,271,209,62,82.0,3.3,2.55,0.76,CB,1990s
Colorado Avalanche,1970,43,30,9,52.4,244,233,11,82.0,2.98,2.84,0.13,CA,1990s
Dallas Stars,1970,37,31,14,45.1,237,254,-17,82.0,2.89,3.1,-0.21,DS,1990s
Detroit Red Wings,1970,44,24,14,53.7,229,216,13,82.0,2.79,2.63,0.16,DRW,1990s
Edmonton Oilers,1970,27,47,8,32.9,214,284,-70,82.0,2.61,3.46,-0.85,EO,1990s
Florida Panthers,1970,32,37,13,39.0,208,244,-36,82.0,2.54,2.98,-0.44,FP,1990s
Los Angeles Kings,1970,46,27,9,56.1,241,219,22,82.0,2.94,2.67,0.27,LAK,1990s
Minnesota Wild,1970,38,36,8,46.3,219,246,-27,82.0,2.67,3.0,-0.33,MW,1990s
Montreal Canadiens,1970,39,33,10,47.6,217,223,-6,82.0,2.65,2.72,-0.07,MC,1990s
Nashville Predators,1970,47,29,6,57.3,225,225,0,82.0,2.74,2.74,0.0,NP,1990s
New Jersey Devils,1970,48,27,7,58.5,222,191,31,82.0,2.71,2.33,0.38,NJD,1990s
New York Islanders,1970,34,37,11,41.5,222,264,-42,82.0,2.71,3.22,-0.51,NYI,1990s
New York Rangers,1970,38,33,11,46.3,222,218,4,82.0,2.71,2.66,0.05,NYR,1990s
Ottawa Senators,1970,44,32,6,53.7,225,238,-13,82.0,2.74,2.9,-0.16,OS,1990s
Philadelphia Flyers,1970,41,35,6,50.0,236,225,11,82.0,2.88,2.74,0.13,PF,1990s
Phoenix Coyotes,1970,50,25,7,61.0,225,202,23,82.0,2.74,2.46,0.28,PC,1990s
Pittsburgh Penguins,1970,47,28,7,57.3,257,237,20,82.0,3.13,2.89,0.24,PP,1990s
San Jose Sharks,1970,51,20,11,62.2,264,215,49,82.0,3.22,2.62,0.6,SJS,1990s
St. Louis Blues,1970,40,32,10,48.8,225,223,2,82.0,2.74,2.72,0.02,SLB,1990s
Tampa Bay Lightning,1970,34,36,12,41.5,217,260,-43,82.0,2.65,3.17,-0.52,TBL,1990s
Toronto Maple Leafs,1970,30,38,14,36.6,214,267,-53,82.0,2.61,3.26,-0.65,TML,1990s
Vancouver Canucks,1970,49,28,5,59.8,272,222,50,82.0,3.32,2.71,0.61,VC,1990s
Washington Capitals,1970,54,15,13,65.9,318,233,85,82.0,3.88,2.84,1.04,WC,1990s
Anaheim Ducks,1970,47,30,5,57.3,239,235,4,82.0,2.91,2.87,0.05,AD,1990s
Atlanta Thrashers,1970,34,36,12,41.5,223,269,-46,82.0,2.72,3.28,-0.56,AT,1990s
Boston Bruins,1970,46,25,11,56.1,246,195,51,82.0,3.0,2.38,0.62,BB,1990s
Buffalo Sabres,1970,43,29,10,52.4,245,229,16,82.0,2.99,2.79,0.2,BS,1990s
Calgary Flames,1970,41,29,12,50.0,250,237,13,82.0,3.05,2.89,0.16,CF,1990s
Carolina Hurricanes,1970,40,31,11,48.8,236,239,-3,82.0,2.88,2.91,-0.04,CH,1990s
Columbus Blue Jackets,1970,34,35,13,41.5,215,258,-43,82.0,2.62,3.15,-0.52,CBJ,1990s
Chicago Blackhawks,1970,44,29,9,53.7,258,225,33,82.0,3.15,2.74,0.4,CB,1990s
Colorado Avalanche,1970,30,44,8,36.6,227,288,-61,82.0,2.77,3.51,-0.74,CA,1990s
Dallas Stars,1970,42,29,11,51.2,227,233,-6,82.0,2.77,2.84,-0.07,DS,1990s
Detroit Red Wings,1970,47,25,10,57.3,261,241,20,82.0,3.18,2.94,0.24,DRW,1990s
Edmonton Oilers,1970,25,45,12,30.5,193,269,-76,82.0,2.35,3.28,-0.93,EO,1990s
Florida Panthers,1970,30,40,12,36.6,195,229,-34,82.0,2.38,2.79,-0.41,FP,1990s
Los Angeles Kings,1970,46,30,6,56.1,219,198,21,82.0,2.67,2.41,0.26,LAK,1990s
Minnesota Wild,1970,39,35,8,47.6,206,233,-27,82.0,2.51,2.84,-0.33,MW,1990s
Montreal Canadiens,1970,44,30,8,53.7,216,209,7,82.0,2.63,2.55,0.09,MC,1990s
Nashville Predators,1970,44,27,11,53.7,219,194,25,82.0,2.67,2.37,0.3,NP,1990s
New Jersey Devils,1970,38,39,5,46.3,174,209,-35,82.0,2.12,2.55,-0.43,NJD,1990s
New York Islanders,1970,30,39,13,36.6,229,264,-35,82.0,2.79,3.22,-0.43,NYI,1990s
New York Rangers,1970,44,33,5,53.7,233,198,35,82.0,2.84,2.41,0.43,NYR,1990s
Ottawa Senators,1970,32,40,10,39.0,192,250,-58,82.0,2.34,3.05,-0.71,OS,1990s
Philadelphia Flyers,1970,47,23,12,57.3,259,223,36,82.0,3.16,2.72,0.44,PF,1990s
Phoenix Coyotes,1970,43,26,13,52.4,231,226,5,82.0,2.82,2.76,0.06,PC,1990s
Pittsburgh Penguins,1970,49,25,8,59.8,238,199,39,82.0,2.9,2.43,0.48,PP,1990s
San Jose Sharks,1970,48,25,9,58.5,248,213,35,82.0,3.02,2.6,0.43,SJS,1990s
St. Louis Blues,1970,38,33,11,46.3,240,234,6,82.0,2.93,2.85,0.07,SLB,1990s
Tampa Bay Lightning,1970,46,25,11,56.1,247,240,7,82.0,3.01,2.93,0.09,TBL,1990s
Toronto Maple Leafs,1970,37,34,11,45.1,218,251,-33,82.0,2.66,3.06,-0.4,TML,1990s
Vancouver Canucks,1970,54,19,9,65.9,262,185,77,82.0,3.2,2.26,0.94,VC,1990s
Washington Capitals,1970,48,23,11,58.5,224,197,27,82.0,2.73,2.4,0.33,WC,1990s
Anaheim Ducks,1970,34,36,12,41.5,204,231,-27,82.0,2.49,2.82,-0.33,AD,1990s
Boston Bruins,1970,49,29,4,59.8,269,202,67,82.0,3.28,2.46,0.82,BB,1990s
Buffalo Sabres,1970,39,32,11,47.6,218,230,-12,82.0,2.66,2.8,-0.15,BS,1990s
Calgary Flames,1970,37,29,16,45.1,202,226,-24,82.0,2.46,2.76,-0.29,CF,1990s
Carolina Hurricanes,1970,33,33,16,40.2,213,243,-30,82.0,2.6,2.96,-0.37,CH,1990s
Columbus Blue Jackets,1970,29,46,7,35.4,202,262,-60,82.0,2.46,3.2,-0.73,CBJ,1990s
Chicago Blackhawks,1970,45,26,11,54.9,248,238,10,82.0,3.02,2.9,0.12,CB,1990s
Colorado Avalanche,1970,41,35,6,50.0,208,220,-12,82.0,2.54,2.68,-0.15,CA,1990s
Dallas Stars,1970,42,35,5,51.2,211,222,-11,82.0,2.57,2.71,-0.13,DS,1990s
Detroit Red Wings,1970,48,28,6,58.5,248,203,45,82.0,3.02,2.48,0.55,DRW,1990s
Edmonton Oilers,1970,32,40,10,39.0,212,239,-27,82.0,2.59,2.91,-0.33,EO,1990s
Florida Panthers,1970,38,26,18,46.3,203,227,-24,82.0,2.48,2.77,-0.29,FP,1990s
Los Angeles Kings,1970,40,27,15,48.8,194,179,15,82.0,2.37,2.18,0.18,LAK,1990s
Minnesota Wild,1970,35,36,11,42.7,177,226,-49,82.0,2.16,2.76,-0.6,MW,1990s
Montreal Canadiens,1970,31,35,16,37.8,212,226,-14,82.0,2.59,2.76,-0.17,MC,1990s
Nashville Predators,1970,48,26,8,58.5,237,210,27,82.0,2.89,2.56,0.33,NP,1990s
New Jersey Devils,1970,48,28,6,58.5,228,209,19,82.0,2.78,2.55,0.23,NJD,1990s
New York Islanders,1970,34,37,11,41.5,203,255,-52,82.0,2.48,3.11,-0.63,NYI,1990s
New York Rangers,1970,51,24,7,62.2,226,187,39,82.0,2.76,2.28,0.48,NYR,1990s
Ottawa Senators,1970,41,31,10,50.0,249,240,9,82.0,3.04,2.93,0.11,OS,1990s
Philadelphia Flyers,1970,47,26,9,57.3,264,232,32,82.0,3.22,2.83,0.39,PF,1990s
Phoenix Coyotes,1970,42,27,13,51.2,216,204,12,82.0,2.63,2.49,0.15,PC,1990s
Pittsburgh Penguins,1970,51,25,6,62.2,282,221,61,82.0,3.44,2.7,0.74,PP,1990s
San Jose Sharks,1970,43,29,10,52.4,228,210,18,82.0,2.78,2.56,0.22,SJS,1990s
St. Louis Blues,1970,49,22,11,59.8,210,165,45,82.0,2.56,2.01,0.55,SLB,1990s
Tampa Bay Lightning,1970,38,36,8,46.3,235,281,-46,82.0,2.87,3.43,-0.56,TBL,1990s
Toronto Maple Leafs,1970,35,37,10,42.7,231,264,-33,82.0,2.82,3.22,-0.4,TML,1990s
Vancouver Canucks,1970,51,22,9,62.2,249,198,51,82.0,3.04,2.41,0.62,VC,1990s
Washington Capitals,1970,42,32,8,51.2,222,230,-8,82.0,2.71,2.8,-0.1,WC,1990s
Winnipeg Jets,1970,37,35,10,45.1,225,246,-21,82.0,2.74,3.0,-0.26,WJ,1990s
